Workbook

Sheet enet
A1: backend | B1: state_index | C1: clients_target | D1: duration_sec | E1: client_rows | F1: clients_joined | G1: clients_responding | H1: join_rate_pct | I1: responding_rate_pct | J1: client_sent_delta | K1: client_received_delta | L1: send_per_client_sec | M1: receive_per_client_sec | N1: loss_events | O1: ping_mean_ms | P1: ping_p95_ms | Q1: players_seen_median | R1: unique_player_ids | S1: actual_duration_sec | T1: server_samples | U1: server_players_mean | V1: server_players_max | W1: server_peak | X1: server_tick_hz | Y1: server_send_errors | Z1: server_disconnects | AA1: server_evictions | AB1: server_cpu_mean_pct | AC1: server_cpu_max_pct | AD1: client_cpu_mean_pct | AE1: client_cpu_max_pct | AF1: receive_degradation_pct | AG1: status | AH1: reason
A2: enet | B2: 1 | C2: 1 | D2: 2 | E2: 1 | F2: 1 | G2: 1 | H2: 100 | I2: 100 | J2: 18 | K2: 18 | L2: 9.9778271 | M2: 9.9778271 | N2: 0 | O2: 20 | P2: 20 | Q2: 1 | R2: 1 | S2: 1.804 | T2: 2 | U2: 0.5 | V2: 1 | W2: 1 | X2: 19.860973 | Y2: 0 | Z2: 0 | AA2: 0 | AB2: 1.504 | AC2: 1.508 | AD2: 4.1936 | AE2: 17 | AF2: 0 | AG2: FAIL | AH2: receive rate 10.0/s
A3: enet | B3: 2 | C3: 10 | D3: 2 | E3: 10 | F3: 10 | G3: 10 | H3: 100 | I3: 100 | J3: 191 | K3: 196 | L3: 9.4320988 | M3: 9.6790123 | N3: 0 | O3: 26.2 | P3: 48 | Q3: 10 | R3: 10 | S3: 2.025 | T3: 2 | U3: 5.5 | V3: 10 | W3: 10 | X3: 19.860973 | Y3: 0 | Z3: 0 | AA3: 0 | AB3: 2.2615 | AC3: 3 | AD3: 30.7045 | AE3: 61.421 | AF3: 0 | AG3: FAIL | AH3: receive rate 9.7/s
A4: enet | B4: 3 | C4: 11 | D4: 2 | E4: 11 | F4: 11 | G4: 11 | H4: 100 | I4: 100 | J4: 420 | K4: 418 | L4: 19.081368 | M4: 18.990505 | N4: 0 | O4: 24.454545 | P4: 48 | Q4: 11 | R4: 11 | S4: 2.001 | T4: 2 | U4: 11 | V4: 11 | W4: 11 | X4: 19.860973 | Y4: 0 | Z4: 0 | AA4: 0 | AB4: 2.2715 | AC4: 2.513 | AD4: 6.1126667 | AE4: 19 | AF4: 0 | AG4: PASS | AH4: thresholds met
A5: enet | B5: 4 | C5: 12 | D5: 2 | E5: 12 | F5: 12 | G5: 12 | H5: 100 | I5: 100 | J5: 459 | K5: 458 | L5: 19.096355 | M5: 19.054751 | N5: 0 | O5: 26.5 | P5: 48 | Q5: 12 | R5: 12 | S5: 2.003 | T5: 2 | U5: 12 | V5: 12 | W5: 12 | X5: 19.860973 | Y5: 0 | Z5: 0 | AA5: 0 | AB5: 2.7625 | AC5: 3 | AD5: 6.2858333 | AE5: 16.667 | AF5: 0 | AG5: PASS | AH5: thresholds met
A6: enet | B6: 5 | C6: 13 | D6: 2 | E6: 13 | F6: 13 | G6: 13 | H6: 100 | I6: 100 | J6: 498 | K6: 498 | L6: 18.917379 | M6: 18.917379 | N6: 0 | O6: 27.538462 | P6: 48 | Q6: 13 | R6: 13 | S6: 2.025 | T6: 2 | U6: 12.5 | V6: 13 | W6: 13 | X6: 19.860973 | Y6: 0 | Z6: 0 | AA6: 0 | AB6: 2.025 | AC6: 2.03 | AD6: 6.3621667 | AE6: 17 | AF6: 0 | AG6: PASS | AH6: thresholds met
A7: enet | B7: 6 | C7: 14 | D7: 2 | E7: 14 | F7: 14 | G7: 14 | H7: 100 | I7: 100 | J7: 545 | K7: 542 | L7: 19.444841 | M7: 19.337805 | N7: 0 | O7: 23.214286 | P7: 48 | Q7: 14 | R7: 14 | S7: 2.002 | T7: 2 | U7: 14 | V7: 14 | W7: 14 | X7: 20 | Y7: 0 | Z7: 0 | AA7: 0 | AB7: 2.0115 | AC7: 2.5 | AD7: 7.4683333 | AE7: 20.603 | AF7: 0 | AG7: PASS | AH7: thresholds met
A8: enet | B8: 7 | C8: 15 | D8: 2 | E8: 15 | F8: 15 | G8: 15 | H8: 100 | I8: 100 | J8: 581 | K8: 582 | L8: 19.33766 | M8: 19.370944 | N8: 0 | O8: 22 | P8: 48 | Q8: 15 | R8: 15 | S8: 2.003 | T8: 2 | U8: 15 | V8: 15 | W8: 15 | X8: 19.860973 | Y8: 0 | Z8: 0 | AA8: 0 | AB8: 2.02 | AC8: 2.02 | AD8: 8.0581667 | AE8: 21.182 | AF8: 0 | AG8: PASS | AH8: thresholds met
A9: enet | B9: 8 | C9: 16 | D9: 2 | E9: 16 | F9: 16 | G9: 16 | H9: 100 | I9: 100 | J9: 621 | K9: 622 | L9: 19.166667 | M9: 19.197531 | N9: 0 | O9: 22.4375 | P9: 48 | Q9: 16 | R9: 16 | S9: 2.025 | T9: 2 | U9: 15.5 | V9: 16 | W9: 16 | X9: 19.860973 | Y9: 0 | Z9: 0 | AA9: 0 | AB9: 2.519 | AC9: 2.525 | AD9: 7.7021667 | AE9: 18.5 | AF9: 0 | AG9: PASS | AH9: thresholds met
A10: enet | B10: 9 | C10: 17 | D10: 2 | E10: 17 | F10: 17 | G10: 17 | H10: 100 | I10: 100 | J10: 666 | K10: 662 | L10: 19.558897 | M10: 19.441426 | N10: 0 | O10: 23.705882 | P10: 48 | Q10: 17 | R10: 17 | S10: 2.003 | T10: 2 | U10: 17 | V10: 17 | W10: 17 | X10: 19.860973 | Y10: 0 | Z10: 0 | AA10: 0 | AB10: 2.2775 | AC10: 2.525 | AD10: 9.2613333 | AE10: 22.613 | AF10: 0 | AG10: PASS | AH10: thresholds met
A11: enet | B11: 10 | C11: 18 | D11: 2 | E11: 18 | F11: 18 | G11: 18 | H11: 100 | I11: 100 | J11: 701 | K11: 704 | L11: 19.443058 | M11: 19.526266 | N11: 0 | O11: 24.277778 | P11: 48 | Q11: 18 | R11: 18 | S11: 2.003 | T11: 2 | U11: 18 | V11: 18 | W11: 18 | X11: 19.860973 | Y11: 0 | Z11: 0 | AA11: 0 | AB11: 2.769 | AC11: 3.518 | AD11: 8.6163333 | AE11: 18.593 | AF11: 0 | AG11: PASS | AH11: thresholds met
A12: enet | B12: 11 | C12: 19 | D12: 2 | E12: 19 | F12: 19 | G12: 19 | H12: 100 | I12: 100 | J12: 739 | K12: 741 | L12: 19.207277 | M12: 19.259259 | N12: 0 | O12: 27.263158 | P12: 55 | Q12: 19 | R12: 19 | S12: 2.025 | T12: 2 | U12: 18.5 | V12: 19 | W12: 19 | X12: 20.854022 | Y12: 0 | Z12: 0 | AA12: 0 | AB12: 2.2725 | AC12: 2.525 | AD12: 9.0845 | AE12: 19.9 | AF12: 0 | AG12: PASS | AH12: thresholds met
A13: enet | B13: 12 | C13: 20 | D13: 2 | E13: 20 | F13: 20 | G13: 20 | H13: 100 | I13: 100 | J13: 781 | K13: 782 | L13: 19.495756 | M13: 19.520719 | N13: 0 | O13: 25.5 | P13: 48 | Q13: 20 | R13: 20 | S13: 2.003 | T13: 2 | U13: 20 | V13: 20 | W13: 20 | X13: 20 | Y13: 0 | Z13: 0 | AA13: 0 | AB13: 2.2715 | AC13: 2.513 | AD13: 9.5091667 | AE13: 20 | AF13: 0 | AG13: PASS | AH13: thresholds met
... A293: enet | B293: 292 | C293: 300 | D293: 2 | E293: 300 | F293: 299 | G293: 252 | H293: 99.666667 | I293: 84 | J293: 29661 | K293: 50283 | L293: 49.435 | M293: 83.805 | N293: 8023 | O293: 806.33559 | P293: 2476 | Q293: 200 | R293: 299 | S293: 2 | T293: 32 | U293: 112.90625 | V293: 200 | W293: 288 | X293: 19.999359 | Y293: 0 | Z293: 309 | AA293: 325 | AB293: 11.376229 | AC293: 50.754 | AD293: 19.16615 | AE293: 100 | AF293: 0 | AG293: FAIL | AH293: responding 84.0%; p95 ping 2476ms

Sheet godot
A1: backend | B1: state_index | C1: clients_target | D1: duration_sec | E1: client_rows | F1: clients_joined | G1: clients_responding | H1: join_rate_pct | I1: responding_rate_pct | J1: client_sent_delta | K1: client_received_delta | L1: send_per_client_sec | M1: receive_per_client_sec | N1: loss_events | O1: ping_mean_ms | P1: ping_p95_ms | Q1: players_seen_median | R1: unique_player_ids | S1: actual_duration_sec | T1: server_samples | U1: server_players_mean | V1: server_players_max | W1: server_peak | X1: server_tick_hz | Y1: server_send_errors | Z1: server_disconnects | AA1: server_evictions | AB1: server_cpu_mean_pct | AC1: server_cpu_max_pct | AD1: client_cpu_mean_pct | AE1: client_cpu_max_pct | AF1: receive_degradation_pct | AG1: status | AH1: reason
A2: cpp | B2: 1 | C2: 1 | D2: 2 | E2: 1 | F2: 1 | G2: 1 | H2: 100 | I2: 100 | J2: 38 | K2: 37 | L2: 20.463113 | M2: 19.92461 | N2: 0 | O2: 6 | P2: 6 | Q2: 0 | R2: 1 | S2: 1.857 | T2: 2 | U2: 1 | V2: 1 | W2: 1 | X2: 19.361084 | Y2: 0 | Z2: 0 | AA2: 0 | AB2: 0 | AC2: 0 | AD2: 1.1726667 | AE2: 4.523 | AF2: 0 | AG2: PASS | AH2: thresholds met
A3: cpp | B3: 2 | C3: 10 | D3: 2 | E3: 10 | F3: 10 | G3: 10 | H3: 100 | I3: 100 | J3: 390 | K3: 381 | L3: 19.490255 | M3: 19.04048 | N3: 0 | O3: 5.05 | P3: 6 | Q3: 0 | R3: 10 | S3: 2.001 | T3: 2 | U3: 10 | V3: 10 | W3: 10 | X3: 19.436346 | Y3: 0 | Z3: 0 | AA3: 0 | AB3: 0.755 | AC3: 1.005 | AD3: 0.503 | AE3: 1.005 | AF3: 0 | AG3: PASS | AH3: thresholds met
A4: cpp | B4: 3 | C4: 11 | D4: 2 | E4: 11 | F4: 11 | G4: 11 | H4: 100 | I4: 100 | J4: 429 | K4: 429 | L4: 19.470794 | M4: 19.470794 | N4: 0 | O4: 5.0909091 | P4: 6 | Q4: 0 | R4: 11 | S4: 2.003 | T4: 2 | U4: 11 | V4: 11 | W4: 11 | X4: 19.417476 | Y4: 0 | Z4: 0 | AA4: 0 | AB4: 1.0025 | AC4: 1.5 | AD4: 0.66833333 | AE4: 1.493 | AF4: 0 | AG4: PASS | AH4: thresholds met
A5: cpp | B5: 4 | C5: 12 | D5: 2 | E5: 12 | F5: 12 | G5: 12 | H5: 100 | I5: 100 | J5: 464 | K5: 468 | L5: 19.285121 | M5: 19.451372 | N5: 0 | O5: 5.2916667 | P5: 6 | Q5: 0 | R5: 12 | S5: 2.005 | T5: 2 | U5: 12 | V5: 12 | W5: 12 | X5: 19.379845 | Y5: 0 | Z5: 0 | AA5: 0 | AB5: 0.2525 | AC5: 0.505 | AD5: 1.8295 | AE5: 8.458 | AF5: 0 | AG5: PASS | AH5: thresholds met
A6: cpp | B6: 5 | C6: 13 | D6: 2 | E6: 13 | F6: 13 | G6: 13 | H6: 100 | I6: 100 | J6: 507 | K6: 507 | L6: 19.480519 | M6: 19.480519 | N6: 0 | O6: 5.3076923 | P6: 6 | Q6: 0 | R6: 13 | S6: 2.002 | T6: 2 | U6: 13 | V6: 13 | W6: 13 | X6: 19.379845 | Y6: 0 | Z6: 0 | AA6: 0 | AB6: 1.0025 | AC6: 1.005 | AD6: 0.5855 | AE6: 1.005 | AF6: 0 | AG6: PASS | AH6: thresholds met
A7: cpp | B7: 6 | C7: 14 | D7: 2 | E7: 14 | F7: 14 | G7: 14 | H7: 100 | I7: 100 | J7: 539 | K7: 546 | L7: 19.24038 | M7: 19.490255 | N7: 0 | O7: 5.1785714 | P7: 6 | Q7: 0 | R7: 14 | S7: 2.001 | T7: 2 | U7: 14 | V7: 14 | W7: 14 | X7: 19.361084 | Y7: 0 | Z7: 0 | AA7: 0 | AB7: 0.5065 | AC7: 0.508 | AD7: 0.5875 | AE7: 1.01 | AF7: 0 | AG7: PASS | AH7: thresholds met
A8: cpp | B8: 7 | C8: 15 | D8: 2 | E8: 15 | F8: 15 | G8: 15 | H8: 100 | I8: 100 | J8: 582 | K8: 570 | L8: 19.380619 | M8: 18.981019 | N8: 0 | O8: 5.2666667 | P8: 6 | Q8: 0 | R8: 15 | S8: 2.002 | T8: 2 | U8: 15 | V8: 15 | W8: 15 | X8: 19.417476 | Y8: 0 | Z8: 0 | AA8: 0 | AB8: 0.5025 | AC8: 1.005 | AD8: 0.587 | AE8: 1.005 | AF8: 0.31228614 | AG8: PASS | AH8: thresholds met
A9: cpp | B9: 8 | C9: 16 | D9: 2 | E9: 16 | F9: 16 | G9: 16 | H9: 100 | I9: 100 | J9: 618 | K9: 623 | L9: 19.273952 | M9: 19.42989 | N9: 0 | O9: 5.375 | P9: 6 | Q9: 0 | R9: 16 | S9: 2.004 | T9: 2 | U9: 16 | V9: 16 | W9: 16 | X9: 19.379845 | Y9: 0 | Z9: 0 | AA9: 0 | AB9: 1.508 | AC9: 1.508 | AD9: 0.66983333 | AE9: 1.01 | AF9: 0 | AG9: PASS | AH9: thresholds met
A10: cpp | B10: 9 | C10: 17 | D10: 2 | E10: 17 | F10: 17 | G10: 17 | H10: 100 | I10: 100 | J10: 663 | K10: 663 | L10: 19.470794 | M10: 19.470794 | N10: 0 | O10: 5.1764706 | P10: 6 | Q10: 0 | R10: 17 | S10: 2.003 | T10: 2 | U10: 17 | V10: 17 | W10: 17 | X10: 19.379845 | Y10: 0 | Z10: 0 | AA10: 0 | AB10: 1.0075 | AC10: 1.01 | AD10: 0.5855 | AE10: 1.005 | AF10: 0 | AG10: PASS | AH10: thresholds met
A11: cpp | B11: 10 | C11: 18 | D11: 2 | E11: 18 | F11: 18 | G11: 18 | H11: 100 | I11: 100 | J11: 695 | K11: 702 | L11: 19.286269 | M11: 19.480519 | N11: 0 | O11: 5.1666667 | P11: 6 | Q11: 0 | R11: 18 | S11: 2.002 | T11: 2 | U11: 18 | V11: 18 | W11: 18 | X11: 19.34236 | Y11: 0 | Z11: 0 | AA11: 0 | AB11: 1.01 | AC11: 1.015 | AD11: 0.50133333 | AE11: 1 | AF11: 0 | AG11: PASS | AH11: thresholds met
A12: cpp | B12: 11 | C12: 19 | D12: 2 | E12: 19 | F12: 19 | G12: 19 | H12: 100 | I12: 100 | J12: 735 | K12: 741 | L12: 19.313136 | M12: 19.470794 | N12: 0 | O12: 5.2894737 | P12: 6 | Q12: 0 | R12: 19 | S12: 2.003 | T12: 1 | U12: 19 | V12: 19 | W12: 19 | X12: 0 | Y12: 0 | Z12: 0 | AA12: 0 | AB12: 0.759 | AC12: 1.01 | AD12: 0.75166667 | AE12: 1.99 | AF12: 0 | AG12: FAIL | AH12: server tick 0.0Hz
A13: cpp | B13: 12 | C13: 20 | D13: 2 | E13: 20 | F13: 20 | G13: 20 | H13: 100 | I13: 100 | J13: 771 | K13: 760 | L13: 19.236527 | M13: 18.962076 | N13: 0 | O13: 5.4 | P13: 6 | Q13: 0 | R13: 20 | S13: 2.004 | T13: 2 | U13: 20 | V13: 20 | W13: 20 | X13: 19.361084 | Y13: 0 | Z13: 0 | AA13: 0 | AB13: 1.265 | AC13: 1.515 | AD13: 0.836 | AE13: 1.5 | AF13: 0.41177488 | AG13: PASS | AH13: thresholds met
... A293: cpp | B293: 292 | C293: 300 | D293: 2 | E293: 300 | F293: 300 | G293: 300 | H293: 100 | I293: 100 | J293: 11199 | K293: 11299 | L293: 18.665 | M293: 18.831667 | N293: 0 | O293: 5.7066667 | P293: 7 | Q293: 0 | R293: 300 | S293: 2 | T293: 15 | U293: 140 | V293: 300 | W293: 300 | X293: 19.2321 | Y293: 0 | Z293: 0 | AA293: 300 | AB293: 3.9097895 | AC293: 31.5 | AD293: 1.6896538 | AE293: 29.798 | AF293: 1.0966798 | AG293: PASS | AH293: thresholds met

Sheet graphs
A1: Target Clients | B1: ENet Loss Events | C1: C++ Loss Events | D1: ENet Ping p95 (ms) | E1: C++ Ping p95 (ms) | F1: ENet Receive Rate (msg/s) | G1: C++ Receive Rate (msg/s) | H1: ENet Server CPU (%) | I1: C++ Server CPU (%)
A2: =enet!C2 -> 1 | B2: =enet!N2 -> 0 | C2: =godot!N2 -> 0 | D2: =enet!P2 -> 20 | E2: =godot!P2 -> 6 | F2: =enet!M2 -> 9.9778271 | G2: =godot!M2 -> 19.92461 | H2: =enet!AB2 -> 1.504 | I2: =godot!AB2 -> 0
A3: =enet!C3 -> 10 | B3: =enet!N3 -> 0 | C3: =godot!N3 -> 0 | D3: =enet!P3 -> 48 | E3: =godot!P3 -> 6 | F3: =enet!M3 -> 9.6790123 | G3: =godot!M3 -> 19.04048 | H3: =enet!AB3 -> 2.2615 | I3: =godot!AB3 -> 0.755
A4: =enet!C4 -> 11 | B4: =enet!N4 -> 0 | C4: =godot!N4 -> 0 | D4: =enet!P4 -> 48 | E4: =godot!P4 -> 6 | F4: =enet!M4 -> 18.990505 | G4: =godot!M4 -> 19.470794 | H4: =enet!AB4 -> 2.2715 | I4: =godot!AB4 -> 1.0025
A5: =enet!C5 -> 12 | B5: =enet!N5 -> 0 | C5: =godot!N5 -> 0 | D5: =enet!P5 -> 48 | E5: =godot!P5 -> 6 | F5: =enet!M5 -> 19.054751 | G5: =godot!M5 -> 19.451372 | H5: =enet!AB5 -> 2.7625 | I5: =godot!AB5 -> 0.2525
A6: =enet!C6 -> 13 | B6: =enet!N6 -> 0 | C6: =godot!N6 -> 0 | D6: =enet!P6 -> 48 | E6: =godot!P6 -> 6 | F6: =enet!M6 -> 18.917379 | G6: =godot!M6 -> 19.480519 | H6: =enet!AB6 -> 2.025 | I6: =godot!AB6 -> 1.0025
A7: =enet!C7 -> 14 | B7: =enet!N7 -> 0 | C7: =godot!N7 -> 0 | D7: =enet!P7 -> 48 | E7: =godot!P7 -> 6 | F7: =enet!M7 -> 19.337805 | G7: =godot!M7 -> 19.490255 | H7: =enet!AB7 -> 2.0115 | I7: =godot!AB7 -> 0.5065
A8: =enet!C8 -> 15 | B8: =enet!N8 -> 0 | C8: =godot!N8 -> 0 | D8: =enet!P8 -> 48 | E8: =godot!P8 -> 6 | F8: =enet!M8 -> 19.370944 | G8: =godot!M8 -> 18.981019 | H8: =enet!AB8 -> 2.02 | I8: =godot!AB8 -> 0.5025
A9: =enet!C9 -> 16 | B9: =enet!N9 -> 0 | C9: =godot!N9 -> 0 | D9: =enet!P9 -> 48 | E9: =godot!P9 -> 6 | F9: =enet!M9 -> 19.197531 | G9: =godot!M9 -> 19.42989 | H9: =enet!AB9 -> 2.519 | I9: =godot!AB9 -> 1.508
A10: =enet!C10 -> 17 | B10: =enet!N10 -> 0 | C10: =godot!N10 -> 0 | D10: =enet!P10 -> 48 | E10: =godot!P10 -> 6 | F10: =enet!M10 -> 19.441426 | G10: =godot!M10 -> 19.470794 | H10: =enet!AB10 -> 2.2775 | I10: =godot!AB10 -> 1.0075
A11: =enet!C11 -> 18 | B11: =enet!N11 -> 0 | C11: =godot!N11 -> 0 | D11: =enet!P11 -> 48 | E11: =godot!P11 -> 6 | F11: =enet!M11 -> 19.526266 | G11: =godot!M11 -> 19.480519 | H11: =enet!AB11 -> 2.769 | I11: =godot!AB11 -> 1.01
A12: =enet!C12 -> 19 | B12: =enet!N12 -> 0 | C12: =godot!N12 -> 0 | D12: =enet!P12 -> 55 | E12: =godot!P12 -> 6 | F12: =enet!M12 -> 19.259259 | G12: =godot!M12 -> 19.470794 | H12: =enet!AB12 -> 2.2725 | I12: =godot!AB12 -> 0.759
A13: =enet!C13 -> 20 | B13: =enet!N13 -> 0 | C13: =godot!N13 -> 0 | D13: =enet!P13 -> 48 | E13: =godot!P13 -> 6 | F13: =enet!M13 -> 19.520719 | G13: =godot!M13 -> 18.962076 | H13: =enet!AB13 -> 2.2715 | I13: =godot!AB13 -> 1.265
... A293: =enet!C293 -> 300 | B293: =enet!N293 -> 8023 | C293: =godot!N293 -> 0 | D293: =enet!P293 -> 2476 | E293: =godot!P293 -> 7 | F293: =enet!M293 -> 83.805 | G293: =godot!M293 -> 18.831667 | H293: =enet!AB293 -> 11.376229 | I293: =godot!AB293 -> 3.9097895
